model,rmse
DummyMean,2309.072541086572
Ridge,742.6389957199926
