model,cv_folds,rmse_mean,rmse_std,r2_mean,r2_std
Ridge,5,712.553704144304,344.8369648212438,-1.6146711952945978,5.532743281558957
DummyMean,5,2097.9598251139055,312.9183088887842,-10.720532920210607,23.61452063095082
